<?xml version="1.0" encoding="UTF-8"?><users><claim><claimId>1</claimId><doc>2017/02/02</doc><amount>5000</amount><policyHolderName>shri</policyHolderName></claim><claim><claimId>2</claimId><doc>2016/02/02</doc><amount>10000</amount><policyHolderName>manish</policyHolderName></claim><claim><claimId>3</claimId><doc>2017/02/05</doc><amount>6000</amount><policyHolderName>aman</policyHolderName></claim><claim><claimId>4</claimId><doc>2016/05/02</doc><amount>7000</amount><policyHolderName>manaf</policyHolderName></claim><claim><claimId>5</claimId><doc>2017/08/02</doc><amount>8000</amount><policyHolderName>abhi</policyHolderName></claim><claim><claimId>6</claimId><doc>2017/02/02</doc><amount>5000</amount><policyHolderName>hardik</policyHolderName></claim><claim><claimId>7</claimId><doc>2016/02/02</doc><amount>10000</amount><policyHolderName>abhi</policyHolderName></claim><claim><claimId>8</claimId><doc>2017/02/05</doc><amount>6000</amount><policyHolderName>gyan</policyHolderName></claim><claim><claimId>9</claimId><doc>2016/05/02</doc><amount>7000</amount><policyHolderName>satadru</policyHolderName></claim><claim><claimId>10</claimId><doc>2017/08/02</doc><amount>8000</amount><policyHolderName>abhi</policyHolderName></claim><claim><claimId>11</claimId><doc>2017/02/02</doc><amount>5000</amount><policyHolderName>hardik</policyHolderName></claim><claim><claimId>12</claimId><doc>2016/02/02</doc><amount>10000</amount><policyHolderName>abhi</policyHolderName></claim><claim><claimId>13</claimId><doc>2017/02/05</doc><amount>6000</amount><policyHolderName>gyan</policyHolderName></claim><claim><claimId>14</claimId><doc>2016/05/02</doc><amount>7000</amount><policyHolderName>satadru</policyHolderName></claim><claim><claimId>15</claimId><doc>2017/08/02</doc><amount>8000</amount><policyHolderName>abhi</policyHolderName></claim><claim><claimId>16</claimId><doc>2017/02/02</doc><amount>5000</amount><policyHolderName>hardik</policyHolderName></claim><claim><claimId>17</claimId><doc>2016/02/02</doc><amount>10000</amount><policyHolderName>abhi</policyHolderName></claim><claim><claimId>18</claimId><doc>2017/02/05</doc><amount>6000</amount><policyHolderName>gyan</policyHolderName></claim><claim><claimId>19</claimId><doc>2016/05/02</doc><amount>7000</amount><policyHolderName>satadru</policyHolderName></claim><claim><claimId>20</claimId><doc>2017/08/02</doc><amount>8000</amount><policyHolderName>abhi</policyHolderName></claim><claim><claimId>21</claimId><doc>2017/02/02</doc><amount>5000</amount><policyHolderName>hardik</policyHolderName></claim><claim><claimId>22</claimId><doc>2016/02/02</doc><amount>10000</amount><policyHolderName>abhi</policyHolderName></claim><claim><claimId>23</claimId><doc>2017/02/05</doc><amount>6000</amount><policyHolderName>gyan</policyHolderName></claim><claim><claimId>24</claimId><doc>2016/05/02</doc><amount>7000</amount><policyHolderName>satadru</policyHolderName></claim><claim><claimId>25</claimId><doc>2017/08/02</doc><amount>8000</amount><policyHolderName>abhi</policyHolderName></claim><claim><claimId>26</claimId><doc>2017/02/02</doc><amount>5000</amount><policyHolderName>hardik</policyHolderName></claim><claim><claimId>27</claimId><doc>2016/02/02</doc><amount>10000</amount><policyHolderName>abhi</policyHolderName></claim><claim><claimId>28</claimId><doc>2017/02/05</doc><amount>6000</amount><policyHolderName>gyan</policyHolderName></claim><claim><claimId>29</claimId><doc>2016/05/02</doc><amount>7000</amount><policyHolderName>satadru</policyHolderName></claim><claim><claimId>30</claimId><doc>2017/08/02</doc><amount>8000</amount><policyHolderName>abhi</policyHolderName></claim></users>