<?xml version="1.0" encoding="UTF-8"?>
<data>
	<claim>
		<claimId>41</claimId>
		<doc>2017/02/02</doc>
		<amount>5000</amount>
		<policyHolderName>hardik</policyHolderName>
	</claim>
	
	<claim>
		<claimId>42</claimId>
		<doc>2016/02/02</doc>
		<amount>10000</amount>
		<policyHolderName>abhi</policyHolderName>
	</claim>
	
	<claim>
		<claimId>43</claimId>
		<doc>2017/02/05</doc>
		<amount>6000</amount>
		<policyHolderName>gyan</policyHolderName>
	</claim>
	
	<claim>
		<claimId>44</claimId>
		<doc>2016/05/02</doc>
		<amount>7000</amount>
		<policyHolderName>satadru</policyHolderName>
	</claim>
	
	<claim>
		<claimId>45</claimId>
		<doc>2017/08/02</doc>
		<amount>8000</amount>
		<policyHolderName>abhi</policyHolderName>
	</claim>


</data>