<?xml version="1.0" encoding="UTF-8"?>
<beans xmlns="http://www.springframework.org/schema/beans" xmlns:batch="http://www.springframework.org/schema/batch" 
xmlns:xsi="http://www.w3.org/2001/XMLSchema-instance"
 xsi:schemaLocation="http://www.springframework.org/schema/batch   
 http://www.springframework.org/schema/batch/spring-batch-2.2.xsd   
 http://www.springframework.org/schema/beans    
 http://www.springframework.org/schema/beans/spring-beans-3.2.xsd  ">
    <import resource="context.xml" />      
   <!-- Defining a bean --> 
   <bean id = "initailtasklet" class = "com.trizetto.training.CustomTasklet" >
   <property name="claimid" value="123456789"/>
   </bean>  
   <bean id = "secondarytasklet" class = "com.trizetto.training.CustomTasklet" >
   <property name="claimid" value="987654321"/>
   </bean>  
   <!-- Defining a job--> 
   <batch:job id = "claimJob">  
      <!-- Defining a Step --> 
      <batch:step id = "step1" next="step2"> 
         <tasklet ref = "initailtasklet"/>   
      </batch:step> 
       <batch:step id = "step2" > 
         <tasklet ref = "secondarytasklet"/>   
      </batch:step>    
   </batch:job>  
</beans>