<?xml version="1.0" encoding="UTF-8"?>
<beans xmlns="http://www.springframework.org/schema/beans" xmlns:batch="http://www.springframework.org/schema/batch" 
xmlns:xsi="http://www.w3.org/2001/XMLSchema-instance"
xmlns:util = "http://www.springframework.org/schema/util" 
 xsi:schemaLocation="http://www.springframework.org/schema/batch   
 http://www.springframework.org/schema/batch/spring-batch-2.2.xsd   
 http://www.springframework.org/schema/beans    
 http://www.springframework.org/schema/beans/spring-beans-3.2.xsd 
 http://www.springframework.org/schema/util     
      http://www.springframework.org/schema/util/spring-util-3.0.xsd  ">
    <import resource="context.xml" />      
   <!-- Defining a bean --> 
    <bean id = "itemProcessor" class = "com.cts.processors.ClaimProcessor" /> 
    <bean id = "chunkListener" class = "com.cts.Listener.ClaimChunkLsitener" />
    <bean id = "jobListener"   class = "com.cts.Listener.ClaimJobListener" />
    <bean id = "stepListener"  class = "com.cts.Listener.ClaimStepExecutionListener" />
    
   <batch:job id = "testJob"> 
   		
      <batch:step id = "step7"> 
         <batch:tasklet>           
            <batch:chunk reader = "pagingItemReader" writer = "flatFileItemWriter" processor = "itemProcessor" commit-interval="2">
            	
            </batch:chunk> 
         </batch:tasklet> 
         	
         	
         	
      </batch:step> 
      </batch:job>
      
    <!-- </batch:job>
     <batch:job id="pagingjob">
    		<batch:step id="step3">
    			<batch:tasklet> 
     				<batch:chunk reader = "pagingItemReader" writer = "flatFileItemWriter" processor = "itemProcessor" commit-interval="2">
     				</batch:chunk>
     			</batch:tasklet>  
    		</batch:step>
    	</batch:job> -->
   		
   
  	<bean id="DBitemReader" class="org.springframework.batch.item.database.JdbcCursorItemReader" scope="step">
		<property name="dataSource" ref="dataSource" />
		<property name="sql" value="select ClaimId, doc, amount, policyHolderName from claimdata" />
		<property name="rowMapper">
		<bean class="com.cts.model.ClaimRowMapper" /> 
		</property>
  	</bean> 
  	
  	<bean id="itemWriter"
                class="org.springframework.batch.item.xml.StaxEventItemWriter">
	<property name="resource" value="file:csv/outputs/users.csv" />
	<property name="marshaller" ref="customUnMarshaller" />
	<property name="rootTagName" value="users" />
	</bean>
                
  <bean id="pagingItemReader"
		class="org.springframework.batch.item.database.JdbcPagingItemReader"
		scope="step">
		<property name="dataSource" ref="dataSource" />
		<property name="queryProvider">
			<bean
				class="org.springframework.batch.item.database.support.SqlPagingQueryProviderFactoryBean">
				<property name="dataSource" ref="dataSource" />
				<property name="selectClause" value="select Claimid,doc, amount, policyHolderName" />
				<property name="fromClause" value="from claimdata" />
				<property name="whereClause" value="where ClaimId=:claimId" />
				<property name="sortKey" value="ClaimId" />
			</bean>
		</property>
		<property name="parameterValues">
			<map>
				<entry key="claimId" value="#{jobParameters['claimId']}" />
			</map>
		</property>
		<property name="pageSize" value="10" />
		<property name="rowMapper">
			<bean class="com.cts.model.ClaimRowMapper" />
		</property>
	</bean>
  
  <bean id="flatFileItemWriter" class="org.springframework.batch.item.file.FlatFileItemWriter">
		<property name="resource" value="file:csv/outputs/Claim.csv" />
		<property name="appendAllowed" value="true" />
		<property name="lineAggregator">
			<bean
				class="org.springframework.batch.item.file.transform.DelimitedLineAggregator">
				<property name="delimiter" value="," />
				<property name="fieldExtractor">
					<bean
						class="org.springframework.batch.item.file.transform.BeanWrapperFieldExtractor">
						<property name="names" value="ClaimId, doc, amount, policyHolderName" />
					</bean>
				</property>
			</bean>
		</property>
	</bean>
     
   <bean id = "customUnMarshaller" class = "org.springframework.oxm.xstream.XStreamMarshaller">
      <property name = "aliases"> 
         <util:map id = "aliases"> 
            <entry key = "claim" value = "com.cts.model.Claim" />            
         </util:map> 
      </property> 
   </bean> 
    
   <bean id = "mysqlItemWriter" class = "org.springframework.batch.item.database.JdbcBatchItemWriter"> 
      <property name = "dataSource" ref = "dataSource" /> 
      <property name = "sql"> 
         <value> 
            <![CDATA[insert into claimdata(ClaimId, doc, amount, 
               policyHolderName) 
               values (:claimId, :doc, :amount, :policyHolderName);]]>
         </value> 
      </property> 
      
      
        
      
      <property name = "itemSqlParameterSourceProvider"> 
         <bean class = "org.springframework.batch.item.database.BeanPropertyItemSqlParameterSourceProvider" /> 
      </property> 
   </bean> 
</beans>